,Time,Open,High,Low,Close,Volume
0,2021-08-19 03:45:00,45183.09,45234.56,45089.69,45162.45,164.877066
1,2021-08-19 03:50:00,45162.45,45162.45,45006.2,45035.12,106.691582
2,2021-08-19 03:55:00,45035.12,45035.12,44944.55,44955.07,118.767268
3,2021-08-19 04:00:00,44959.96,44959.96,44764.74,44848.66,217.113514
4,2021-08-19 04:05:00,44848.65,44895.27,44749.99,44883.38,105.356625
5,2021-08-19 04:10:00,44883.38,44891.82,44796.32,44803.66,98.922967
6,2021-08-19 04:15:00,44803.67,44852.21,44723.6,44816.06,140.073826
7,2021-08-19 04:20:00,44816.06,44818.56,44674.0,44674.02,149.783129
8,2021-08-19 04:25:00,44674.03,44707.55,44630.0,44687.15,195.550741
9,2021-08-19 04:30:00,44687.14,44730.96,44625.97,44725.25,140.019473
10,2021-08-19 04:35:00,44725.25,44780.4,44682.41,44732.44,117.867669
11,2021-08-19 04:40:00,44732.45,44732.45,44637.79,44643.35,110.682875
12,2021-08-19 04:45:00,44643.34,44717.57,44634.18,44689.53,105.231386
13,2021-08-19 04:50:00,44689.52,44693.53,44611.0,44686.81,92.069714
14,2021-08-19 04:55:00,44686.81,44696.65,44581.34,44590.84,101.563739
15,2021-08-19 05:00:00,44590.83,44613.36,44545.76,44599.34,118.355193
16,2021-08-19 05:05:00,44594.58,44599.32,44349.82,44350.17,488.767444
17,2021-08-19 05:10:00,44350.16,44368.25,44251.0,44294.75,344.582534
18,2021-08-19 05:15:00,44294.91,44355.45,44250.0,44266.25,175.386487
19,2021-08-19 05:20:00,44266.26,44340.94,44200.0,44217.2,308.573285
20,2021-08-19 05:25:00,44217.21,44287.2,44126.38,44138.3,366.872664
21,2021-08-19 05:30:00,44136.72,44314.03,44069.41,44294.85,365.113535
22,2021-08-19 05:35:00,44300.31,44329.94,44183.41,44191.31,230.471733
23,2021-08-19 05:40:00,44191.31,44208.3,44116.42,44191.68,156.082986
24,2021-08-19 05:45:00,44191.69,44291.1,44175.02,44183.99,126.990684
25,2021-08-19 05:50:00,44183.98,44246.51,44125.08,44222.48,102.693086
26,2021-08-19 05:55:00,44222.49,44222.49,44044.65,44046.97,206.021525
27,2021-08-19 06:00:00,44046.97,44235.16,43960.0,44209.3,692.877062
28,2021-08-19 06:05:00,44209.3,44240.83,44089.0,44211.89,149.708128
29,2021-08-19 06:10:00,44211.89,44211.9,43988.13,44068.59,933.346741
30,2021-08-19 06:15:00,44068.6,44101.42,43927.7,44099.99,245.128816
31,2021-08-19 06:20:00,44099.99,44248.68,44095.3,44195.24,145.228116
32,2021-08-19 06:25:00,44195.24,44308.0,44122.17,44297.86,136.958546
33,2021-08-19 06:30:00,44297.86,44324.92,44234.35,44278.22,196.302732
34,2021-08-19 06:35:00,44278.21,44285.46,44180.87,44279.67,124.528564
35,2021-08-19 06:40:00,44279.68,44285.82,44200.01,44275.14,86.196645
36,2021-08-19 06:45:00,44275.13,44275.14,44171.26,44229.3,104.76242
37,2021-08-19 06:50:00,44229.29,44238.96,44153.84,44195.62,111.033121
38,2021-08-19 06:55:00,44195.62,44195.62,44100.01,44132.07,103.449946
39,2021-08-19 07:00:00,44132.07,44252.14,44040.82,44244.86,160.243594
40,2021-08-19 07:05:00,44244.87,44248.63,44115.17,44208.49,129.088982
41,2021-08-19 07:10:00,44208.49,44256.06,44095.05,44181.01,148.984952
42,2021-08-19 07:15:00,44181.0,44279.09,44155.2,44221.96,93.772472
43,2021-08-19 07:20:00,44221.95,44385.66,44200.84,44351.48,167.26058
44,2021-08-19 07:25:00,44351.48,44465.67,44320.0,44432.25,209.377016
45,2021-08-19 07:30:00,44432.24,44493.38,44380.01,44480.0,250.565148
46,2021-08-19 07:35:00,44480.01,44480.01,44377.56,44381.35,128.692523
47,2021-08-19 07:40:00,44381.35,44455.53,44348.19,44430.32,116.373026
48,2021-08-19 07:45:00,44429.91,44488.0,44379.05,44462.8,146.225386
49,2021-08-19 07:50:00,44462.79,44480.0,44400.0,44443.99,91.766543
50,2021-08-19 07:55:00,44444.0,44449.98,44379.06,44403.35,103.126415
51,2021-08-19 08:00:00,44403.36,44450.0,44335.0,44349.76,150.790718
52,2021-08-19 08:05:00,44349.75,44373.99,44248.6,44248.6,148.814537
53,2021-08-19 08:10:00,44248.6,44299.99,44210.52,44265.47,112.196049
54,2021-08-19 08:15:00,44265.46,44348.62,44207.48,44334.98,155.931632
55,2021-08-19 08:20:00,44334.99,44393.86,44260.87,44277.41,100.234274
56,2021-08-19 08:25:00,44277.4,44369.03,44268.0,44345.24,87.861853
57,2021-08-19 08:30:00,44345.24,44444.64,44304.23,44376.69,137.793534
58,2021-08-19 08:35:00,44376.69,44444.0,44353.27,44416.84,97.634319
59,2021-08-19 08:40:00,44417.25,44448.57,44315.26,44328.98,101.537533
60,2021-08-19 08:45:00,44328.98,44343.09,44262.68,44277.67,80.74129
61,2021-08-19 08:50:00,44277.67,44522.37,44261.75,44482.46,197.623341
62,2021-08-19 08:55:00,44482.47,44487.34,44354.14,44380.61,108.030502
63,2021-08-19 09:00:00,44380.6,44466.0,44339.29,44460.01,120.44648
64,2021-08-19 09:05:00,44460.01,44494.36,44436.9,44490.01,106.541901
65,2021-08-19 09:10:00,44490.02,44515.01,44452.26,44512.73,154.896045
66,2021-08-19 09:15:00,44512.73,44520.0,44426.87,44439.07,129.559901
67,2021-08-19 09:20:00,44439.08,44474.65,44370.0,44460.47,108.085208
68,2021-08-19 09:25:00,44462.89,44478.72,44365.68,44383.9,83.265145
69,2021-08-19 09:30:00,44383.91,44383.91,44261.83,44290.0,166.152668
70,2021-08-19 09:35:00,44290.01,44335.93,44260.83,44329.04,179.202042
71,2021-08-19 09:40:00,44329.03,44442.42,44306.99,44352.72,146.938766
72,2021-08-19 09:45:00,44352.72,44404.87,44240.0,44254.78,210.744137
73,2021-08-19 09:50:00,44254.79,44350.45,44216.0,44331.56,214.151042
74,2021-08-19 09:55:00,44331.56,44660.9,44331.56,44660.01,472.548643
75,2021-08-19 10:00:00,44660.01,44955.0,44644.02,44882.62,554.076194
76,2021-08-19 10:05:00,44882.61,45000.0,44804.05,44827.74,270.030021
77,2021-08-19 10:10:00,44827.74,44840.0,44444.44,44477.42,287.119375
78,2021-08-19 10:15:00,44478.62,44556.96,44338.67,44403.14,229.029534
79,2021-08-19 10:20:00,44403.13,44557.58,44385.23,44493.39,123.083767
80,2021-08-19 10:25:00,44493.4,44752.54,44491.09,44726.92,191.972606
81,2021-08-19 10:30:00,44726.93,44841.42,44650.88,44825.69,161.418967
82,2021-08-19 10:35:00,44825.69,44854.54,44681.16,44736.2,230.183164
83,2021-08-19 10:40:00,44736.2,44797.53,44715.77,44726.15,144.79858
84,2021-08-19 10:45:00,44726.16,44758.94,44600.01,44618.77,164.550909
85,2021-08-19 10:50:00,44618.77,44680.2,44569.5,44657.74,124.032744
86,2021-08-19 10:55:00,44657.73,44781.69,44606.29,44705.55,225.858522
87,2021-08-19 11:00:00,44705.54,44817.7,44683.32,44804.8,155.618556
88,2021-08-19 11:05:00,44804.81,44855.0,44750.0,44750.01,118.033418
89,2021-08-19 11:10:00,44755.4,44808.12,44710.57,44759.99,105.514641
90,2021-08-19 11:15:00,44760.0,44779.07,44671.59,44699.98,105.28058
91,2021-08-19 11:20:00,44699.99,44700.0,44600.85,44679.99,102.723918
92,2021-08-19 11:25:00,44680.0,44750.0,44623.23,44738.78,144.883681
93,2021-08-19 11:30:00,44738.78,44825.98,44705.1,44800.01,140.959508
94,2021-08-19 11:35:00,44800.0,44844.98,44707.88,44725.86,123.695575
95,2021-08-19 11:40:00,44725.86,44839.89,44709.21,44835.54,102.499628
96,2021-08-19 11:45:00,44835.53,44866.14,44766.6,44811.04,123.579311
97,2021-08-19 11:50:00,44811.04,44830.85,44775.02,44811.49,74.292314
98,2021-08-19 11:55:00,44811.48,44811.49,44745.01,44756.8,90.520705
99,2021-08-19 12:00:00,44756.79,44841.01,44751.18,44825.06,86.522842
100,2021-08-19 12:05:00,44825.07,44861.13,44775.46,44777.06,111.107794
101,2021-08-19 12:10:00,44777.06,44777.07,44646.0,44646.0,120.304874
102,2021-08-19 12:15:00,44646.01,44691.63,44545.49,44562.21,234.743583
103,2021-08-19 12:20:00,44565.35,44671.25,44562.54,44630.01,139.583419
104,2021-08-19 12:25:00,44630.01,44720.37,44630.0,44706.91,84.445898
105,2021-08-19 12:30:00,44706.92,44722.2,44555.51,44568.46,121.569269
106,2021-08-19 12:35:00,44568.47,44589.89,44484.51,44520.25,142.630325
107,2021-08-19 12:40:00,44520.25,44561.74,44455.6,44462.8,152.767882
108,2021-08-19 12:45:00,44462.81,44472.23,44382.89,44383.08,190.773816
109,2021-08-19 12:50:00,44383.08,44429.4,44350.0,44429.39,151.939045
110,2021-08-19 12:55:00,44429.4,44446.16,44360.0,44360.01,90.228383
111,2021-08-19 13:00:00,44360.0,44426.16,44316.0,44420.99,122.683232
112,2021-08-19 13:05:00,44421.0,44425.93,44269.76,44319.56,196.557407
113,2021-08-19 13:10:00,44319.55,44377.54,44209.18,44325.0,155.644868
114,2021-08-19 13:15:00,44325.01,44453.09,44285.13,44450.0,107.067025
115,2021-08-19 13:20:00,44450.01,44487.81,44400.07,44418.53,119.856615
116,2021-08-19 13:25:00,44418.54,44429.96,44321.58,44365.31,87.77572
117,2021-08-19 13:30:00,44362.61,44474.47,44352.16,44462.23,90.262948
118,2021-08-19 13:35:00,44462.24,44477.32,44352.68,44371.63,67.424408
119,2021-08-19 13:40:00,44373.12,44408.29,44273.02,44286.46,151.097949
120,2021-08-19 13:45:00,44286.45,44331.32,44238.46,44279.73,128.280883
121,2021-08-19 13:50:00,44279.74,44377.54,44211.0,44320.03,297.954175
122,2021-08-19 13:55:00,44320.03,44324.46,44175.47,44215.25,261.543516
123,2021-08-19 14:00:00,44215.24,44303.93,44140.8,44155.0,209.683651
124,2021-08-19 14:05:00,44155.01,44200.0,44123.65,44156.99,215.136
125,2021-08-19 14:10:00,44156.99,44283.04,44156.99,44271.66,141.870232
126,2021-08-19 14:15:00,44271.67,44341.21,44232.8,44305.24,148.319427
127,2021-08-19 14:20:00,44305.24,44422.45,44284.76,44360.09,162.971259
128,2021-08-19 14:25:00,44360.1,44470.78,44360.09,44400.18,120.83157
129,2021-08-19 14:30:00,44400.19,44461.13,44353.39,44394.04,117.464661
130,2021-08-19 14:35:00,44394.03,44430.11,44356.17,44385.01,63.436271
131,2021-08-19 14:40:00,44385.01,44539.95,44370.01,44490.01,140.533784
132,2021-08-19 14:45:00,44490.01,44555.54,44462.37,44484.9,113.728581
133,2021-08-19 14:50:00,44484.89,44485.54,44431.35,44434.45,89.50012
134,2021-08-19 14:55:00,44434.44,44613.62,44434.44,44577.56,138.387182
135,2021-08-19 15:00:00,44577.56,44608.26,44502.92,44603.89,129.32197
136,2021-08-19 15:05:00,44603.89,44687.45,44579.93,44606.17,174.523356
137,2021-08-19 15:10:00,44606.16,44713.91,44596.14,44668.28,324.801122
138,2021-08-19 15:15:00,44668.28,44720.0,44595.18,44600.0,187.369424
139,2021-08-19 15:20:00,44599.99,44641.99,44570.01,44605.54,108.014414
140,2021-08-19 15:25:00,44605.53,44619.12,44447.22,44456.51,114.519578
141,2021-08-19 15:30:00,44456.51,44672.46,44391.55,44601.8,351.19467
142,2021-08-19 15:35:00,44605.29,44746.15,44605.29,44683.05,189.48485
143,2021-08-19 15:40:00,44683.05,44810.0,44631.0,44802.4,231.909112
144,2021-08-19 15:45:00,44802.4,44930.62,44779.22,44842.46,398.085989
145,2021-08-19 15:50:00,44842.45,44998.0,44842.45,44942.9,351.307292
146,2021-08-19 15:55:00,44942.9,44982.89,44901.36,44982.88,184.947246
147,2021-08-19 16:00:00,44982.89,45173.0,44982.89,45171.5,486.480361
148,2021-08-19 16:05:00,45171.33,45330.0,45141.98,45205.59,616.331582
149,2021-08-19 16:10:00,45205.6,45272.27,45123.63,45248.99,319.537476
150,2021-08-19 16:15:00,45248.98,45450.0,45248.89,45368.1,536.57547
151,2021-08-19 16:20:00,45368.11,45480.0,45316.89,45341.6,449.776856
152,2021-08-19 16:25:00,45341.59,45380.01,45225.49,45232.21,269.14813
153,2021-08-19 16:30:00,45232.21,45308.45,45150.07,45196.84,307.875523
154,2021-08-19 16:35:00,45196.84,45390.0,45196.84,45361.29,235.722024
155,2021-08-19 16:40:00,45361.29,45374.27,45284.99,45295.13,150.518166
156,2021-08-19 16:45:00,45295.13,45442.0,45290.94,45323.05,179.641082
157,2021-08-19 16:50:00,45323.04,45350.14,45244.89,45270.47,127.573318
158,2021-08-19 16:55:00,45270.47,45465.7,45270.46,45448.27,220.348166
159,2021-08-19 17:00:00,45448.28,45734.0,45448.27,45654.38,685.766463
160,2021-08-19 17:05:00,45654.38,45712.68,45558.93,45582.9,269.201533
161,2021-08-19 17:10:00,45582.9,45609.24,45543.34,45569.17,135.469557
162,2021-08-19 17:15:00,45569.18,45636.96,45493.0,45610.09,238.13773
163,2021-08-19 17:20:00,45610.09,45620.0,45543.89,45594.21,136.011019
164,2021-08-19 17:25:00,45594.21,45630.0,45550.0,45556.67,115.732919
165,2021-08-19 17:30:00,45556.66,45635.92,45556.66,45599.48,168.234789
166,2021-08-19 17:35:00,45599.49,45767.14,45599.48,45640.02,224.939247
167,2021-08-19 17:40:00,45640.02,45650.0,45566.0,45638.55,191.414703
168,2021-08-19 17:45:00,45638.54,45732.0,45638.54,45704.76,165.562483
169,2021-08-19 17:50:00,45704.76,45799.2,45676.01,45709.85,203.621439
170,2021-08-19 17:55:00,45709.85,45800.0,45700.0,45779.58,196.780981
171,2021-08-19 18:00:00,45779.59,45951.33,45779.59,45807.74,547.048667
172,2021-08-19 18:05:00,45807.74,45846.77,45679.53,45724.57,355.183921
173,2021-08-19 18:10:00,45724.57,45770.74,45585.0,45609.82,243.348587
174,2021-08-19 18:15:00,45609.83,45740.0,45609.83,45666.68,154.848178
175,2021-08-19 18:20:00,45666.69,45750.0,45663.88,45729.1,168.838958
176,2021-08-19 18:25:00,45729.09,45757.13,45671.1,45748.41,176.885872
177,2021-08-19 18:30:00,45748.42,45849.98,45690.65,45703.37,170.303498
178,2021-08-19 18:35:00,45703.36,45819.98,45701.19,45739.15,116.905158
179,2021-08-19 18:40:00,45737.9,45809.97,45700.68,45754.82,122.506439
180,2021-08-19 18:45:00,45754.81,45836.43,45700.76,45714.96,143.658902
181,2021-08-19 18:50:00,45714.97,45779.76,45652.0,45664.64,152.570481
182,2021-08-19 18:55:00,45664.65,45699.99,45597.98,45603.2,173.066864
183,2021-08-19 19:00:00,45603.19,45690.0,45603.19,45620.79,123.039335
184,2021-08-19 19:05:00,45620.79,45620.8,45411.0,45428.0,341.764344
185,2021-08-19 19:10:00,45428.0,45528.3,45405.86,45491.37,264.146304
186,2021-08-19 19:15:00,45491.37,45575.96,45491.37,45516.01,149.545753
187,2021-08-19 19:20:00,45516.01,45620.0,45516.01,45580.0,134.43148
188,2021-08-19 19:25:00,45580.01,45699.17,45580.0,45630.0,133.888206
189,2021-08-19 19:30:00,45629.99,45750.0,45629.99,45725.6,160.085918
190,2021-08-19 19:35:00,45725.6,45764.52,45679.92,45706.01,102.399288
191,2021-08-19 19:40:00,45706.01,45718.53,45612.95,45656.57,95.097595
192,2021-08-19 19:45:00,45652.84,45751.54,45646.7,45751.53,91.453901
193,2021-08-19 19:50:00,45751.53,45800.0,45705.85,45794.0,89.156224
194,2021-08-19 19:55:00,45794.0,45794.99,45663.92,45730.21,133.931362
195,2021-08-19 20:00:00,45730.22,45815.01,45674.46,45713.41,141.732075
196,2021-08-19 20:05:00,45713.42,45800.0,45713.41,45766.26,95.703132
197,2021-08-19 20:10:00,45766.26,45790.01,45740.02,45746.44,116.433981
198,2021-08-19 20:15:00,45749.49,45914.0,45746.44,45906.06,212.733914
199,2021-08-19 20:20:00,45906.06,45993.0,45877.48,45993.0,324.164018
200,2021-08-19 20:25:00,45993.0,46588.88,45993.0,46365.0,1800.539118
201,2021-08-19 20:30:00,46365.0,46757.01,46365.0,46552.78,685.619684
202,2021-08-19 20:35:00,46552.78,46620.0,46365.98,46541.88,349.716649
203,2021-08-19 20:40:00,46541.87,46594.43,46470.13,46588.69,308.138254
204,2021-08-19 20:45:00,46588.69,46669.82,46438.67,46505.96,252.278971
205,2021-08-19 20:50:00,46500.05,46587.67,46463.05,46566.03,248.599831
206,2021-08-19 20:55:00,46566.02,46600.0,46492.02,46562.83,220.548581
207,2021-08-19 21:00:00,46562.83,46696.32,46562.83,46600.33,331.27326
208,2021-08-19 21:05:00,46600.32,46750.0,46570.52,46658.77,211.307103
209,2021-08-19 21:10:00,46658.77,46751.14,46516.91,46532.08,229.361095
210,2021-08-19 21:15:00,46532.08,46604.84,46492.85,46505.89,197.175428
211,2021-08-19 21:20:00,46505.88,46639.99,46505.88,46578.0,188.91872
212,2021-08-19 21:25:00,46578.01,46694.91,46560.85,46687.15,213.865231
213,2021-08-19 21:30:00,46687.14,46721.99,46616.52,46689.97,140.452854
214,2021-08-19 21:35:00,46689.97,46745.0,46650.01,46667.24,218.843337
215,2021-08-19 21:40:00,46667.24,46728.11,46663.01,46696.0,131.449808
216,2021-08-19 21:45:00,46696.0,46706.47,46567.52,46619.92,155.740428
217,2021-08-19 21:50:00,46619.93,46719.03,46590.28,46694.81,137.501309
218,2021-08-19 21:55:00,46694.81,46736.23,46675.52,46710.0,142.604539
219,2021-08-19 22:00:00,46710.0,46877.1,46560.53,46581.29,557.326545
220,2021-08-19 22:05:00,46581.3,46634.5,46531.1,46584.59,196.847001
221,2021-08-19 22:10:00,46584.59,46593.51,46433.88,46441.57,177.194741
222,2021-08-19 22:15:00,46441.58,46554.43,46441.57,46470.0,134.54621
223,2021-08-19 22:20:00,46470.0,46522.1,46438.03,46503.13,104.469957
224,2021-08-19 22:25:00,46503.14,46555.0,46461.6,46512.03,95.214529
225,2021-08-19 22:30:00,46512.02,46610.0,46512.02,46563.9,105.860596
226,2021-08-19 22:35:00,46563.89,46597.54,46503.46,46515.04,89.032405
227,2021-08-19 22:40:00,46515.04,46649.46,46500.68,46648.75,102.415827
228,2021-08-19 22:45:00,46648.75,46650.0,46450.01,46454.13,153.339894
229,2021-08-19 22:50:00,46454.13,46584.0,46454.12,46551.0,92.125001
230,2021-08-19 22:55:00,46550.99,46595.32,46542.81,46591.72,63.727458
231,2021-08-19 23:00:00,46591.72,46619.99,46511.42,46559.71,110.664388
232,2021-08-19 23:05:00,46559.7,46593.53,46489.79,46495.23,86.229855
233,2021-08-19 23:10:00,46495.24,46539.67,46488.02,46493.89,91.98549
234,2021-08-19 23:15:00,46493.9,46630.0,46493.89,46567.22,81.822383
235,2021-08-19 23:20:00,46567.23,46567.23,46500.0,46524.54,45.433588
236,2021-08-19 23:25:00,46521.82,46600.0,46512.31,46537.02,76.988954
237,2021-08-19 23:30:00,46537.02,46565.02,46534.41,46555.77,58.711
238,2021-08-19 23:35:00,46555.77,46611.03,46540.15,46600.01,154.015234
239,2021-08-19 23:40:00,46600.01,46600.02,46530.38,46537.49,66.241483
240,2021-08-19 23:45:00,46537.5,46620.22,46537.49,46620.21,87.45637
241,2021-08-19 23:50:00,46620.21,46710.11,46620.21,46700.0,123.440706
242,2021-08-19 23:55:00,46699.99,46700.0,46603.09,46606.99,88.606383
243,2021-08-20 00:00:00,46607.0,46682.93,46582.71,46596.37,118.707717
244,2021-08-20 00:05:00,46596.38,46626.62,46550.01,46561.6,76.035637
245,2021-08-20 00:10:00,46561.6,46579.23,46488.0,46560.0,113.004727
246,2021-08-20 00:15:00,46560.0,46560.0,46340.12,46356.42,187.917063
247,2021-08-20 00:20:00,46356.42,46523.97,46350.0,46504.03,156.139851
248,2021-08-20 00:25:00,46504.03,46580.0,46479.54,46543.79,90.332246
249,2021-08-20 00:30:00,46543.8,46566.43,46454.43,46478.02,84.874239
250,2021-08-20 00:35:00,46478.02,46512.31,46413.98,46431.5,102.352465
251,2021-08-20 00:40:00,46431.5,46478.75,46371.36,46373.92,84.141734
252,2021-08-20 00:45:00,46373.93,46487.99,46373.92,46430.03,92.225205
253,2021-08-20 00:50:00,46430.02,46588.1,46430.0,46581.93,128.110552
254,2021-08-20 00:55:00,46581.93,46808.71,46550.41,46804.84,187.485072
255,2021-08-20 01:00:00,46804.84,47033.0,46800.2,46928.95,843.829945
256,2021-08-20 01:05:00,46928.95,46928.95,46690.33,46702.74,172.741856
257,2021-08-20 01:10:00,46698.77,46797.59,46557.02,46616.66,155.850805
258,2021-08-20 01:15:00,46616.65,46714.42,46565.0,46593.2,108.032463
259,2021-08-20 01:20:00,46586.01,46626.99,46546.69,46605.03,97.441317
260,2021-08-20 01:25:00,46605.04,46621.63,46502.62,46579.99,112.274157
261,2021-08-20 01:30:00,46579.99,46649.45,46532.42,46636.72,203.736408
262,2021-08-20 01:35:00,46636.73,46679.6,46608.99,46640.01,86.028777
263,2021-08-20 01:40:00,46640.01,46682.65,46616.17,46653.0,95.721126
264,2021-08-20 01:45:00,46652.99,46661.36,46567.55,46607.69,128.6842
265,2021-08-20 01:50:00,46607.7,46668.0,46550.5,46650.22,78.967072
266,2021-08-20 01:55:00,46650.22,46766.78,46642.04,46760.62,123.6393
267,2021-08-20 02:00:00,46760.62,46865.99,46649.05,46797.67,372.838926
268,2021-08-20 02:05:00,46797.68,46820.23,46622.99,46697.7,121.606893
269,2021-08-20 02:10:00,46697.75,46874.14,46668.52,46861.6,231.855409
270,2021-08-20 02:15:00,46861.61,46996.82,46796.26,46984.83,223.9567
271,2021-08-20 02:20:00,46984.83,47390.0,46937.44,47201.35,1007.875636
272,2021-08-20 02:25:00,47201.35,47387.41,47157.15,47258.16,338.098542
273,2021-08-20 02:30:00,47258.16,47366.99,47224.25,47268.15,379.495243
274,2021-08-20 02:35:00,47264.74,47346.11,47211.93,47318.86,210.352512
275,2021-08-20 02:40:00,47318.87,47358.8,47224.31,47257.11,320.682548
276,2021-08-20 02:45:00,47257.11,47279.0,47134.27,47164.99,230.124774
277,2021-08-20 02:50:00,47164.99,47167.49,47066.12,47075.74,167.541901
278,2021-08-20 02:55:00,47075.75,47145.18,47073.91,47140.45,114.470534
279,2021-08-20 03:00:00,47140.45,47170.29,47018.85,47018.86,173.721059
280,2021-08-20 03:05:00,47018.85,47074.0,46913.65,46993.75,238.884582
281,2021-08-20 03:10:00,46993.75,47100.0,46961.5,47051.19,117.403524
282,2021-08-20 03:15:00,47051.18,47169.04,47045.66,47106.08,119.260088
283,2021-08-20 03:20:00,47106.09,47217.22,47100.01,47159.21,157.649036
284,2021-08-20 03:25:00,47159.21,47165.57,47010.01,47059.89,120.89921
285,2021-08-20 03:30:00,47059.89,47180.0,47053.06,47170.0,122.845425
286,2021-08-20 03:35:00,47170.0,47249.95,47131.75,47215.79,180.57835
287,2021-08-20 03:40:00,47215.79,47250.93,47201.28,47243.23,128.315221
288,2021-08-20 03:45:00,47243.23,47247.46,47143.55,47168.08,114.327944
289,2021-08-20 03:50:00,47168.07,47305.01,47151.66,47280.0,215.338202
290,2021-08-20 03:55:00,47279.99,47292.17,47191.25,47193.51,188.039283
291,2021-08-20 04:00:00,47193.52,47231.28,47123.46,47132.82,132.781757
292,2021-08-20 04:05:00,47132.82,47179.99,47118.19,47122.27,97.550056
293,2021-08-20 04:10:00,47122.28,47125.99,47073.2,47097.25,148.270097
294,2021-08-20 04:15:00,47097.24,47149.22,47067.31,47073.77,140.865639
295,2021-08-20 04:20:00,47073.78,47240.0,47073.77,47191.58,102.619188
296,2021-08-20 04:25:00,47191.58,47251.84,47191.57,47217.64,111.23109
297,2021-08-20 04:30:00,47217.64,47309.92,47204.84,47214.77,179.450747
298,2021-08-20 04:35:00,47214.76,47268.03,47158.48,47180.5,111.317106
299,2021-08-20 04:40:00,47180.51,47220.0,47137.16,47202.38,100.311055
300,2021-08-20 04:45:00,47202.39,47309.61,47183.77,47192.06,111.200228
301,2021-08-20 04:50:00,47192.05,47196.3,47111.49,47139.0,111.966749
302,2021-08-20 04:55:00,47139.0,47198.77,47115.64,47151.65,64.047015
303,2021-08-20 05:00:00,47151.65,47193.53,47074.96,47090.69,109.091443
304,2021-08-20 05:05:00,47090.68,47157.67,47074.0,47074.1,75.993757
305,2021-08-20 05:10:00,47074.1,47100.0,47008.43,47066.34,152.084777
306,2021-08-20 05:15:00,47066.34,47104.76,47000.0,47000.0,136.128487
307,2021-08-20 05:20:00,47000.01,47047.57,46947.21,46962.74,207.379514
308,2021-08-20 05:25:00,46962.74,47054.07,46953.54,46981.17,142.601344
309,2021-08-20 05:30:00,46981.18,47106.99,46978.65,47039.68,128.294476
310,2021-08-20 05:35:00,47039.69,47094.31,47039.68,47087.27,111.350811
311,2021-08-20 05:40:00,47087.28,47153.79,47057.34,47089.98,161.459755
312,2021-08-20 05:45:00,47089.98,47150.16,47083.4,47129.14,126.733322
313,2021-08-20 05:50:00,47129.14,47129.14,47032.47,47034.01,90.088246
314,2021-08-20 05:55:00,47034.01,47077.0,47010.63,47054.74,89.73821
315,2021-08-20 06:00:00,47054.75,47107.98,46986.82,46996.51,175.973443
316,2021-08-20 06:05:00,46996.5,47110.03,46996.5,47089.64,133.346055
317,2021-08-20 06:10:00,47089.64,47199.0,47086.03,47123.39,162.064464
318,2021-08-20 06:15:00,47123.38,47215.3,47102.38,47195.22,188.356185
319,2021-08-20 06:20:00,47195.22,47195.22,47113.63,47124.15,111.679295
320,2021-08-20 06:25:00,47124.15,47125.78,47054.23,47064.03,72.385312
321,2021-08-20 06:30:00,47064.04,47123.29,47045.0,47077.6,98.832699
322,2021-08-20 06:35:00,47077.59,47100.0,47025.03,47094.92,76.742545
323,2021-08-20 06:40:00,47094.92,47150.0,47068.03,47149.99,106.004559
324,2021-08-20 06:45:00,47150.0,47165.0,47065.8,47084.87,59.650029
325,2021-08-20 06:50:00,47084.87,47195.0,47082.48,47180.01,124.713722
326,2021-08-20 06:55:00,47180.01,47182.31,47092.99,47114.99,75.106351
327,2021-08-20 07:00:00,47115.0,47137.75,47000.43,47020.04,153.659399
328,2021-08-20 07:05:00,47020.04,47039.55,46945.8,46979.26,143.478547
329,2021-08-20 07:10:00,46979.26,46983.62,46901.0,46911.31,204.287071
330,2021-08-20 07:15:00,46911.3,47022.06,46911.3,46964.01,149.145099
331,2021-08-20 07:20:00,46964.0,47012.46,46827.0,46965.41,226.739083
332,2021-08-20 07:25:00,46965.4,47018.69,46900.0,47014.99,219.294949
333,2021-08-20 07:30:00,47014.98,47140.62,46984.31,47133.69,212.321654
334,2021-08-20 07:35:00,47133.69,47200.0,47067.55,47090.21,239.390772
335,2021-08-20 07:40:00,47090.2,47141.03,47036.28,47090.0,109.18795
336,2021-08-20 07:45:00,47090.0,47098.97,47004.29,47012.9,129.127334
337,2021-08-20 07:50:00,47016.69,47149.99,47011.71,47145.89,118.320209
338,2021-08-20 07:55:00,47145.89,47164.75,47085.78,47163.29,84.395293
339,2021-08-20 08:00:00,47163.29,47197.32,47081.59,47112.95,125.576747
340,2021-08-20 08:05:00,47112.95,47208.15,47112.94,47195.82,122.977094
341,2021-08-20 08:10:00,47195.82,47246.39,47188.77,47217.41,208.734476
342,2021-08-20 08:15:00,47217.41,47219.84,47169.99,47197.7,118.691454
343,2021-08-20 08:20:00,47197.7,47197.74,47154.27,47158.11,110.123284
344,2021-08-20 08:25:00,47158.11,47176.36,47128.8,47160.35,85.325729
345,2021-08-20 08:30:00,47160.35,47160.36,47069.31,47081.25,153.364935
346,2021-08-20 08:35:00,47081.26,47104.57,47050.28,47053.82,73.762822
347,2021-08-20 08:40:00,47053.82,47066.92,47003.83,47016.72,132.495242
348,2021-08-20 08:45:00,47016.72,47120.56,47001.02,47092.62,151.397237
349,2021-08-20 08:50:00,47092.63,47120.0,47062.9,47111.01,94.275703
350,2021-08-20 08:55:00,47111.0,47182.83,47084.73,47172.03,92.725723
351,2021-08-20 09:00:00,47172.04,47199.42,47101.2,47188.98,217.018866
352,2021-08-20 09:05:00,47188.98,47188.98,47106.58,47113.06,117.811167
353,2021-08-20 09:10:00,47118.62,47120.0,47054.62,47060.01,104.773037
354,2021-08-20 09:15:00,47060.0,47150.0,47060.0,47139.22,208.549881
355,2021-08-20 09:20:00,47139.22,47159.45,47085.83,47090.75,106.878502
356,2021-08-20 09:25:00,47094.64,47100.0,47023.04,47045.72,129.740032
357,2021-08-20 09:30:00,47045.73,47060.89,46938.0,46952.37,236.563465
358,2021-08-20 09:35:00,46952.38,46972.03,46859.96,46889.17,276.06107
359,2021-08-20 09:40:00,46889.18,46972.0,46881.98,46964.5,152.792893
360,2021-08-20 09:45:00,46964.5,46964.5,46815.85,46837.79,222.719709
361,2021-08-20 09:50:00,46837.79,46863.67,46700.24,46736.58,287.401432
362,2021-08-20 09:55:00,46736.59,46835.0,46736.58,46833.48,190.078692
363,2021-08-20 10:00:00,46833.48,46988.88,46811.72,46956.91,409.359215
364,2021-08-20 10:05:00,46956.91,47004.99,46802.78,46802.79,152.244383
365,2021-08-20 10:10:00,46802.78,46844.99,46720.0,46738.38,219.815019
366,2021-08-20 10:15:00,46738.37,46894.05,46728.36,46858.94,188.962256
367,2021-08-20 10:20:00,46858.94,46914.57,46858.94,46900.04,119.352098
368,2021-08-20 10:25:00,46900.04,46942.36,46890.87,46909.63,130.555297
369,2021-08-20 10:30:00,46909.63,46920.0,46838.02,46881.79,155.196088
370,2021-08-20 10:35:00,46881.79,46909.98,46765.04,46823.97,249.276863
371,2021-08-20 10:40:00,46823.98,46861.32,46773.55,46794.54,127.792063
372,2021-08-20 10:45:00,46794.55,46863.5,46765.0,46819.97,153.74524
373,2021-08-20 10:50:00,46819.97,46873.73,46818.06,46822.06,134.813251
374,2021-08-20 10:55:00,46822.07,46916.81,46820.02,46916.8,112.618397
375,2021-08-20 11:00:00,46916.8,47080.0,46894.4,47063.04,272.963418
376,2021-08-20 11:05:00,47063.03,47170.28,47023.27,47157.11,294.88591
377,2021-08-20 11:10:00,47157.11,47200.0,47117.56,47158.15,268.554152
378,2021-08-20 11:15:00,47158.15,47159.0,47060.55,47083.09,148.633554
379,2021-08-20 11:20:00,47083.97,47100.0,47038.84,47091.96,147.725077
380,2021-08-20 11:25:00,47091.96,47091.97,47030.06,47055.73,124.973138
381,2021-08-20 11:30:00,47055.73,47200.0,46997.05,47189.96,162.062732
382,2021-08-20 11:35:00,47189.95,47273.4,47173.03,47250.0,275.613754
383,2021-08-20 11:40:00,47250.0,47285.25,47160.03,47285.25,304.090959
384,2021-08-20 11:45:00,47285.25,47330.0,47180.0,47196.62,208.003527
385,2021-08-20 11:50:00,47196.61,47266.65,47172.84,47236.14,178.150338
386,2021-08-20 11:55:00,47236.14,47246.69,47160.0,47209.33,81.938776
387,2021-08-20 12:00:00,47209.33,47275.0,47167.22,47230.55,137.257143
388,2021-08-20 12:05:00,47230.54,47230.55,47134.82,47150.01,130.37155
389,2021-08-20 12:10:00,47150.01,47217.64,47136.4,47199.76,104.841255
390,2021-08-20 12:15:00,47199.76,47253.54,47190.69,47211.85,103.167321
391,2021-08-20 12:20:00,47211.84,47211.85,47150.95,47174.08,118.302116
392,2021-08-20 12:25:00,47174.08,47250.0,47153.54,47230.5,104.084757
393,2021-08-20 12:30:00,47230.5,47275.0,47186.8,47269.22,133.883384
394,2021-08-20 12:35:00,47269.22,47357.67,47254.4,47333.0,145.711832
395,2021-08-20 12:40:00,47332.99,47333.02,47224.07,47236.99,124.199533
396,2021-08-20 12:45:00,47236.98,47256.26,47200.0,47214.33,116.765229
397,2021-08-20 12:50:00,47214.33,47225.88,47200.0,47203.01,71.162399
398,2021-08-20 12:55:00,47203.0,47249.11,47170.0,47235.0,214.269828
399,2021-08-20 13:00:00,47235.01,47235.01,47150.02,47153.92,93.239817
400,2021-08-20 13:05:00,47153.91,47154.92,47080.0,47100.01,163.962326
401,2021-08-20 13:10:00,47100.01,47144.57,47070.91,47087.03,84.026629
402,2021-08-20 13:15:00,47087.04,47140.7,47015.0,47110.01,112.809222
403,2021-08-20 13:20:00,47110.02,47191.76,47075.39,47161.36,99.952391
404,2021-08-20 13:25:00,47161.36,47161.37,47038.59,47113.34,139.773907
405,2021-08-20 13:30:00,47113.34,47139.09,46964.59,46997.85,200.16483
406,2021-08-20 13:35:00,46997.84,47062.4,46997.84,47054.96,134.094689
407,2021-08-20 13:40:00,47054.96,47072.5,46984.15,47016.14,112.104052
408,2021-08-20 13:45:00,47016.14,47019.88,46880.1,46925.39,161.900638
409,2021-08-20 13:50:00,46925.4,46978.26,46865.74,46922.98,228.87716
410,2021-08-20 13:55:00,46922.99,46980.62,46920.96,46922.34,121.722993
411,2021-08-20 14:00:00,46922.34,47000.0,46901.0,46962.52,133.030416
412,2021-08-20 14:05:00,46962.51,46962.52,46888.19,46942.48,130.520636
413,2021-08-20 14:10:00,46942.48,47038.85,46935.02,47010.98,142.45144
414,2021-08-20 14:15:00,47010.97,47018.33,46959.69,47018.33,118.313139
415,2021-08-20 14:20:00,47018.32,47095.0,46960.0,47070.06,112.141517
416,2021-08-20 14:25:00,47070.06,47147.0,47031.19,47113.37,131.112423
417,2021-08-20 14:30:00,47113.37,47114.01,47005.94,47024.66,111.826789
418,2021-08-20 14:35:00,47024.66,47049.99,46999.34,47019.88,94.388182
419,2021-08-20 14:40:00,47019.88,47043.56,46959.19,46968.49,89.048155
420,2021-08-20 14:45:00,46968.48,47122.04,46914.29,47120.77,182.286179
421,2021-08-20 14:50:00,47120.78,47197.97,47075.7,47146.69,227.583112
422,2021-08-20 14:55:00,47146.68,47178.28,47121.44,47164.32,150.208747
423,2021-08-20 15:00:00,47164.31,47235.25,47115.4,47153.42,220.992012
424,2021-08-20 15:05:00,47153.42,47155.01,47107.12,47123.99,95.040185
425,2021-08-20 15:10:00,47123.99,47185.12,47123.99,47161.01,106.248679
426,2021-08-20 15:15:00,47161.0,47161.01,47118.32,47141.73,92.750998
427,2021-08-20 15:20:00,47141.72,47254.59,47141.12,47254.59,152.1446
428,2021-08-20 15:25:00,47254.58,47571.0,47241.3,47450.02,797.937798
429,2021-08-20 15:30:00,47450.01,47520.28,47400.01,47507.78,400.462934
430,2021-08-20 15:35:00,47507.79,47646.73,47494.25,47553.48,386.778027
431,2021-08-20 15:40:00,47553.49,47618.0,47513.0,47618.0,259.526893
432,2021-08-20 15:45:00,47617.99,47710.35,47522.55,47644.55,463.198414
433,2021-08-20 15:50:00,47644.55,47728.76,47532.3,47690.54,309.064688
434,2021-08-20 15:55:00,47690.55,47812.0,47665.81,47788.79,366.984198
435,2021-08-20 16:00:00,47788.79,47788.8,47673.48,47756.06,227.179005
436,2021-08-20 16:05:00,47756.06,47766.18,47643.77,47756.04,260.934902
437,2021-08-20 16:10:00,47756.04,47863.4,47722.66,47846.58,299.511953
438,2021-08-20 16:15:00,47846.58,47920.0,47802.06,47919.99,274.969106
439,2021-08-20 16:20:00,47919.99,48000.0,47845.16,47891.62,613.555172
440,2021-08-20 16:25:00,47891.61,48000.0,47842.13,47961.39,424.783978
441,2021-08-20 16:30:00,47961.38,47979.0,47740.92,47892.86,356.57287
442,2021-08-20 16:35:00,47892.87,48390.0,47888.0,48244.61,1111.244855
443,2021-08-20 16:40:00,48244.61,48404.01,48151.25,48360.56,828.74757
444,2021-08-20 16:45:00,48360.56,48594.82,48334.0,48429.81,1218.252868
445,2021-08-20 16:50:00,48429.8,48588.08,48404.23,48539.78,492.796271
446,2021-08-20 16:55:00,48539.79,48559.87,48446.02,48550.53,456.765554
447,2021-08-20 17:00:00,48550.52,48600.0,48298.66,48356.58,578.880946
448,2021-08-20 17:05:00,48356.58,48357.58,48234.58,48246.37,428.126294
449,2021-08-20 17:10:00,48246.38,48395.0,48206.36,48268.41,539.480252
450,2021-08-20 17:15:00,48268.41,48386.0,48257.71,48380.08,194.443407
451,2021-08-20 17:20:00,48380.07,48444.66,48337.88,48361.49,233.841925
452,2021-08-20 17:25:00,48361.5,48480.6,48334.88,48386.48,273.475658
453,2021-08-20 17:30:00,48386.47,48421.99,48333.35,48413.63,170.353664
454,2021-08-20 17:35:00,48413.63,48480.01,48374.31,48470.39,214.228232
455,2021-08-20 17:40:00,48470.39,48550.0,48445.74,48531.15,272.415652
456,2021-08-20 17:45:00,48531.15,48600.0,48491.43,48600.0,202.918026
457,2021-08-20 17:50:00,48599.99,48612.97,48449.75,48521.93,247.422648
458,2021-08-20 17:55:00,48521.93,48720.29,48485.5,48718.38,495.294048
459,2021-08-20 18:00:00,48718.38,48789.12,48617.99,48626.29,709.606356
460,2021-08-20 18:05:00,48626.3,48832.38,48607.89,48693.01,387.680141
461,2021-08-20 18:10:00,48693.02,48832.38,48677.02,48801.42,267.427782
462,2021-08-20 18:15:00,48801.41,48944.86,48750.01,48944.86,627.315473
463,2021-08-20 18:20:00,48944.86,48962.03,48880.0,48917.52,312.631547
464,2021-08-20 18:25:00,48917.52,49043.03,48851.95,49043.03,586.464284
465,2021-08-20 18:30:00,49043.03,49096.34,48652.54,48735.88,823.653812
466,2021-08-20 18:35:00,48729.59,48815.33,48627.13,48712.19,298.593305
467,2021-08-20 18:40:00,48713.96,48800.99,48700.01,48795.96,198.666078
468,2021-08-20 18:45:00,48795.96,48795.97,48541.76,48541.77,344.261265
469,2021-08-20 18:50:00,48541.76,48691.44,48500.0,48658.08,375.906998
470,2021-08-20 18:55:00,48658.09,48785.85,48658.08,48758.07,184.025212
471,2021-08-20 19:00:00,48758.08,48799.45,48712.28,48765.6,216.944446
472,2021-08-20 19:05:00,48765.61,48872.55,48757.58,48820.01,236.06906
473,2021-08-20 19:10:00,48820.01,48850.0,48750.0,48773.86,141.742122
474,2021-08-20 19:15:00,48773.86,48849.58,48767.59,48823.24,100.610748
475,2021-08-20 19:20:00,48823.23,48823.24,48700.0,48717.33,122.172239
476,2021-08-20 19:25:00,48717.34,48744.59,48637.0,48680.0,176.661493
477,2021-08-20 19:30:00,48680.0,48750.0,48637.28,48649.2,119.733297
478,2021-08-20 19:35:00,48649.2,48676.23,48603.74,48605.87,125.164434
479,2021-08-20 19:40:00,48605.87,48677.0,48603.87,48617.0,103.803629
480,2021-08-20 19:45:00,48617.0,48727.43,48617.0,48678.59,112.960437
481,2021-08-20 19:50:00,48678.6,48768.68,48678.59,48702.4,156.003216
482,2021-08-20 19:55:00,48702.41,48725.92,48669.99,48675.01,52.792592
483,2021-08-20 20:00:00,48675.0,48747.93,48556.81,48591.42,157.241044
484,2021-08-20 20:05:00,48591.42,48728.77,48591.41,48704.53,155.8725
485,2021-08-20 20:10:00,48704.52,48711.61,48592.72,48604.68,143.792716
486,2021-08-20 20:15:00,48604.68,48661.0,48585.01,48598.69,107.195741
487,2021-08-20 20:20:00,48598.68,48625.39,48537.81,48606.72,127.207151
488,2021-08-20 20:25:00,48606.72,48632.61,48511.0,48511.0,119.012572
489,2021-08-20 20:30:00,48511.01,48590.0,48349.54,48368.59,462.047378
490,2021-08-20 20:35:00,48368.58,48433.62,48289.43,48300.68,250.052629
491,2021-08-20 20:40:00,48300.68,48430.0,48290.02,48424.52,173.357343
492,2021-08-20 20:45:00,48424.53,48509.96,48399.99,48488.87,154.403374
493,2021-08-20 20:50:00,48488.87,48529.99,48413.45,48464.0,279.598091
494,2021-08-20 20:55:00,48464.0,48500.24,48400.0,48458.0,309.720778
495,2021-08-20 21:00:00,48458.0,48549.02,48458.0,48548.21,125.334817
496,2021-08-20 21:05:00,48548.21,48548.21,48455.56,48482.69,119.553898
497,2021-08-20 21:10:00,48482.69,48491.93,48442.51,48447.19,93.131084
498,2021-08-20 21:15:00,48447.19,48519.99,48421.3,48508.14,100.158066
499,2021-08-20 21:20:00,48508.14,48640.32,48508.09,48637.07,131.709571
500,2021-08-20 21:25:00,48637.07,48652.13,48556.62,48560.0,101.323332
501,2021-08-20 21:30:00,48560.01,48600.0,48555.01,48596.98,77.016587
502,2021-08-20 21:35:00,48596.97,48690.0,48562.62,48681.65,87.449341
503,2021-08-20 21:40:00,48681.65,48726.9,48660.15,48707.01,98.389192
504,2021-08-20 21:45:00,48707.02,48715.92,48588.93,48646.11,157.624168
505,2021-08-20 21:50:00,48646.11,48671.78,48599.99,48607.75,96.189108
506,2021-08-20 21:55:00,48607.74,48718.94,48604.32,48684.16,97.945531
507,2021-08-20 22:00:00,48684.16,48684.17,48627.62,48649.99,99.424288
508,2021-08-20 22:05:00,48649.99,48672.0,48598.01,48672.0,118.786677
509,2021-08-20 22:10:00,48672.0,48773.65,48671.79,48765.25,104.764333
510,2021-08-20 22:15:00,48765.24,48773.36,48690.99,48750.01,97.084635
511,2021-08-20 22:20:00,48750.01,48750.08,48703.94,48719.27,122.133384
512,2021-08-20 22:25:00,48719.27,48822.0,48671.34,48798.54,141.600295
513,2021-08-20 22:30:00,48798.55,48830.67,48756.67,48773.45,84.688074
514,2021-08-20 22:35:00,48773.45,48777.85,48715.13,48745.02,80.010227
515,2021-08-20 22:40:00,48742.97,48744.54,48666.45,48677.86,95.714814
516,2021-08-20 22:45:00,48677.87,48723.49,48624.21,48644.15,95.32025
517,2021-08-20 22:50:00,48644.15,48709.96,48627.56,48673.66,76.591441
518,2021-08-20 22:55:00,48679.99,48690.16,48607.4,48640.98,129.338349
519,2021-08-20 23:00:00,48640.98,48738.26,48612.42,48727.57,137.303668
520,2021-08-20 23:05:00,48727.56,48786.66,48696.29,48757.43,86.461587
521,2021-08-20 23:10:00,48757.44,48763.02,48703.13,48712.02,61.256123
522,2021-08-20 23:15:00,48712.02,48712.04,48671.03,48692.09,60.443924
523,2021-08-20 23:20:00,48692.09,48740.85,48681.38,48691.35,60.986858
524,2021-08-20 23:25:00,48691.35,48757.84,48664.07,48733.3,116.140906
525,2021-08-20 23:30:00,48734.54,48844.97,48729.43,48841.28,116.036609
526,2021-08-20 23:35:00,48841.28,48850.0,48830.03,48847.79,77.438888
527,2021-08-20 23:40:00,48847.8,48914.28,48844.45,48914.27,158.598014
528,2021-08-20 23:45:00,48914.27,48963.9,48846.26,48862.51,227.725007
529,2021-08-20 23:50:00,48860.19,48949.6,48855.95,48938.67,117.915884
530,2021-08-20 23:55:00,48938.68,49360.41,48929.73,49322.96,984.149491
531,2021-08-21 00:00:00,49322.96,49382.99,49057.36,49059.72,359.25036
532,2021-08-21 00:05:00,49057.36,49234.98,49045.81,49231.41,213.945576
533,2021-08-21 00:10:00,49231.41,49289.88,49170.2,49221.64,160.770372
534,2021-08-21 00:15:00,49221.64,49221.64,49077.73,49134.43,176.271983
535,2021-08-21 00:20:00,49134.44,49134.44,49060.0,49110.31,82.078442
536,2021-08-21 00:25:00,49110.31,49202.04,49070.0,49115.69,102.858892
537,2021-08-21 00:30:00,49115.7,49159.56,49076.34,49154.72,82.428557
538,2021-08-21 00:35:00,49154.72,49160.0,49041.86,49064.03,136.759088
539,2021-08-21 00:40:00,49064.03,49089.99,48959.94,48979.06,194.870944
540,2021-08-21 00:45:00,48979.06,49089.04,48943.27,49089.03,183.372043
541,2021-08-21 00:50:00,49089.03,49222.63,49072.26,49190.93,232.312103
542,2021-08-21 00:55:00,49190.94,49267.39,49146.3,49209.69,256.473414
543,2021-08-21 01:00:00,49209.69,49295.08,49162.75,49202.22,186.481618
544,2021-08-21 01:05:00,49202.22,49222.8,49100.0,49151.64,152.214396
545,2021-08-21 01:10:00,49151.63,49239.17,49100.0,49199.54,138.679604
546,2021-08-21 01:15:00,49199.54,49299.99,49178.0,49278.05,128.6312
547,2021-08-21 01:20:00,49278.05,49281.35,49220.54,49242.39,114.765854
548,2021-08-21 01:25:00,49242.39,49259.89,49165.48,49167.8,111.267355
549,2021-08-21 01:30:00,49167.8,49224.77,49164.89,49169.39,104.94495
550,2021-08-21 01:35:00,49169.39,49241.04,49112.38,49236.82,103.207798
551,2021-08-21 01:40:00,49236.82,49243.39,49201.46,49225.89,73.670982
552,2021-08-21 01:45:00,49225.89,49230.0,49004.12,49043.46,163.821014
553,2021-08-21 01:50:00,49043.46,49280.0,49037.36,49271.81,145.882372
554,2021-08-21 01:55:00,49274.71,49350.0,49236.19,49322.47,188.300462
555,2021-08-21 02:00:00,49322.47,49357.62,49234.04,49277.22,338.822402
556,2021-08-21 02:05:00,49277.22,49305.4,49100.0,49130.01,186.726252
557,2021-08-21 02:10:00,49130.0,49148.18,49030.0,49079.68,167.339033
558,2021-08-21 02:15:00,49079.68,49182.0,49000.0,49022.81,157.994923
559,2021-08-21 02:20:00,49022.8,49047.93,48936.25,48952.54,288.35626
560,2021-08-21 02:25:00,48952.55,49010.0,48800.01,48825.98,324.317843
561,2021-08-21 02:30:00,48825.99,48972.69,48713.5,48917.12,452.954734
562,2021-08-21 02:35:00,48918.47,49009.06,48907.0,48914.26,121.162054
563,2021-08-21 02:40:00,48914.27,49041.39,48910.73,48984.49,132.709221
564,2021-08-21 02:45:00,48984.48,49061.63,48964.91,48964.92,113.19061
565,2021-08-21 02:50:00,48964.91,49033.34,48918.31,48918.52,99.212354
566,2021-08-21 02:55:00,48920.0,49000.0,48872.87,48878.24,89.087478
567,2021-08-21 03:00:00,48878.24,48959.42,48831.54,48854.32,100.804456
568,2021-08-21 03:05:00,48854.32,48942.19,48804.46,48907.61,94.240523
569,2021-08-21 03:10:00,48907.61,48977.65,48907.6,48929.86,75.646316
570,2021-08-21 03:15:00,48929.86,49019.82,48923.82,48961.71,104.368594
571,2021-08-21 03:20:00,48961.71,49017.99,48933.75,48977.61,82.483853
572,2021-08-21 03:25:00,48977.61,48977.62,48854.32,48860.76,83.087747
573,2021-08-21 03:30:00,48860.76,48975.0,48860.75,48944.19,100.651936
574,2021-08-21 03:35:00,48944.2,48959.95,48814.47,48854.59,88.2015
575,2021-08-21 03:40:00,48854.59,48930.0,48842.88,48896.13,83.912192
576,2021-08-21 03:45:00,48896.12,48949.96,48883.26,48923.82,61.918791
577,2021-08-21 03:50:00,48923.83,49020.0,48918.7,48998.75,115.958051
578,2021-08-21 03:55:00,48998.75,49069.45,48984.25,49035.66,112.150307
579,2021-08-21 04:00:00,49035.65,49035.66,48965.01,48986.32,103.610302
580,2021-08-21 04:05:00,48986.31,49054.35,48965.23,49008.61,90.449861
581,2021-08-21 04:10:00,49008.6,49014.81,48955.0,48984.16,74.226148
582,2021-08-21 04:15:00,48984.15,49020.0,48975.0,48987.02,77.915299
583,2021-08-21 04:20:00,48987.02,48998.01,48955.02,48975.71,68.256848
584,2021-08-21 04:25:00,48975.71,49095.01,48975.71,49088.0,99.326175
585,2021-08-21 04:30:00,49087.99,49100.0,49041.51,49059.5,77.146432
586,2021-08-21 04:35:00,49059.49,49076.87,49008.4,49025.68,75.994888
587,2021-08-21 04:40:00,49025.69,49025.69,48962.89,48974.56,72.617046
588,2021-08-21 04:45:00,48974.56,48998.76,48850.03,48868.77,110.608764
589,2021-08-21 04:50:00,48868.77,48884.15,48813.41,48841.98,105.929251
590,2021-08-21 04:55:00,48841.99,48898.12,48837.0,48841.77,95.204267
591,2021-08-21 05:00:00,48841.77,48883.31,48792.97,48838.92,124.970293
592,2021-08-21 05:05:00,48838.92,48838.92,48670.1,48730.52,185.242882
593,2021-08-21 05:10:00,48728.2,48831.54,48728.2,48797.73,97.438845
594,2021-08-21 05:15:00,48797.73,48840.0,48780.29,48825.95,78.732865
595,2021-08-21 05:20:00,48825.95,48876.65,48813.12,48841.33,76.600994
596,2021-08-21 05:25:00,48841.32,48867.5,48777.38,48814.53,99.161398
597,2021-08-21 05:30:00,48813.63,48871.93,48793.09,48849.99,78.068728
598,2021-08-21 05:35:00,48849.99,48907.35,48849.99,48901.44,130.412588
599,2021-08-21 05:40:00,48901.43,48908.62,48829.56,48837.33,71.687928
600,2021-08-21 05:45:00,48837.33,48919.48,48833.01,48895.39,109.796967
601,2021-08-21 05:50:00,48895.39,48910.06,48777.41,48819.99,92.298096
602,2021-08-21 05:55:00,48820.0,48838.28,48721.25,48828.17,217.246546
603,2021-08-21 06:00:00,48828.17,48829.48,48732.56,48755.84,101.349114
604,2021-08-21 06:05:00,48755.84,48777.6,48686.02,48690.67,92.59411
605,2021-08-21 06:10:00,48692.52,48726.66,48658.69,48696.12,105.268083
606,2021-08-21 06:15:00,48696.12,48715.9,48555.0,48558.43,199.453906
607,2021-08-21 06:20:00,48558.43,48647.14,48558.43,48615.91,127.086271
608,2021-08-21 06:25:00,48615.9,48725.32,48615.9,48698.56,121.727985
609,2021-08-21 06:30:00,48698.56,48770.0,48657.62,48729.62,116.712075
610,2021-08-21 06:35:00,48729.61,48823.9,48650.0,48763.38,154.124761
611,2021-08-21 06:40:00,48763.38,48763.4,48650.0,48653.68,136.796167
612,2021-08-21 06:45:00,48653.67,48748.49,48645.01,48705.29,113.935894
613,2021-08-21 06:50:00,48705.3,48727.12,48660.83,48720.3,88.318944
614,2021-08-21 06:55:00,48720.3,48729.96,48617.92,48625.67,72.076395
615,2021-08-21 07:00:00,48625.67,48710.98,48571.06,48710.94,108.899363
616,2021-08-21 07:05:00,48710.94,48822.95,48699.05,48774.15,132.984387
617,2021-08-21 07:10:00,48774.15,48840.48,48767.01,48822.5,92.659056
618,2021-08-21 07:15:00,48822.49,48934.99,48819.74,48902.76,139.138601
619,2021-08-21 07:20:00,48902.76,48976.12,48865.58,48934.53,173.725473
620,2021-08-21 07:25:00,48934.53,48934.53,48880.24,48903.78,101.651893
621,2021-08-21 07:30:00,48903.79,48941.71,48867.88,48893.21,88.97588
622,2021-08-21 07:35:00,48893.2,48893.21,48807.0,48821.32,116.175346
623,2021-08-21 07:40:00,48821.32,48830.0,48763.96,48796.85,127.63261
624,2021-08-21 07:45:00,48796.84,48797.9,48730.38,48762.39,104.657356
625,2021-08-21 07:50:00,48762.38,48835.0,48754.16,48785.52,83.551108
626,2021-08-21 07:55:00,48785.52,48875.94,48754.4,48836.76,76.145896
627,2021-08-21 08:00:00,48836.77,48839.01,48754.64,48765.05,150.280113
628,2021-08-21 08:05:00,48765.04,48802.46,48727.79,48802.46,85.297967
629,2021-08-21 08:10:00,48802.46,48808.6,48760.25,48801.0,62.377389
630,2021-08-21 08:15:00,48801.0,48826.99,48735.59,48745.39,57.64212
631,2021-08-21 08:20:00,48745.39,48826.3,48686.02,48813.75,100.570907
632,2021-08-21 08:25:00,48813.76,48815.61,48765.04,48797.51,71.480887
633,2021-08-21 08:30:00,48797.51,48797.51,48675.0,48721.1,87.029537
634,2021-08-21 08:35:00,48721.1,48724.41,48675.01,48714.9,63.951648
635,2021-08-21 08:40:00,48714.89,48726.4,48651.47,48702.93,115.035061
636,2021-08-21 08:45:00,48702.94,48716.0,48657.62,48712.95,89.855864
637,2021-08-21 08:50:00,48712.95,48712.95,48603.58,48623.66,120.663191
638,2021-08-21 08:55:00,48623.66,48704.47,48600.0,48674.74,120.285461
639,2021-08-21 09:00:00,48674.73,48749.7,48674.73,48681.2,126.886279
640,2021-08-21 09:05:00,48681.2,48681.21,48618.0,48651.22,78.463525
641,2021-08-21 09:10:00,48653.92,48720.0,48650.0,48710.0,95.875826
642,2021-08-21 09:15:00,48710.0,48930.0,48690.0,48876.1,262.612632
643,2021-08-21 09:20:00,48876.1,48949.5,48876.1,48936.6,123.875517
644,2021-08-21 09:25:00,48936.6,48948.0,48872.0,48884.26,126.285097
645,2021-08-21 09:30:00,48884.27,48923.17,48830.0,48865.06,153.803356
646,2021-08-21 09:35:00,48865.06,48865.07,48804.79,48821.99,98.122465
647,2021-08-21 09:40:00,48821.99,48879.98,48802.75,48838.4,86.707561
648,2021-08-21 09:45:00,48838.4,48954.23,48831.05,48952.25,129.474335
649,2021-08-21 09:50:00,48952.25,48990.0,48910.48,48939.0,163.500242
650,2021-08-21 09:55:00,48938.99,48979.46,48905.79,48944.23,91.527493
651,2021-08-21 10:00:00,48944.22,48960.85,48892.49,48930.31,119.757626
652,2021-08-21 10:05:00,48930.31,49104.82,48906.4,49067.46,288.6864
653,2021-08-21 10:10:00,49067.45,49085.32,49021.97,49044.61,176.624474
654,2021-08-21 10:15:00,49044.61,49065.0,48960.41,48986.27,134.428628
655,2021-08-21 10:20:00,48986.26,48986.27,48854.54,48903.34,265.05165
656,2021-08-21 10:25:00,48903.34,48916.51,48868.02,48877.28,123.373565
657,2021-08-21 10:30:00,48877.28,48883.0,48826.38,48828.42,133.536851
658,2021-08-21 10:35:00,48828.41,48872.02,48815.37,48849.99,143.292766
659,2021-08-21 10:40:00,48849.99,48901.61,48819.99,48881.23,124.575115
660,2021-08-21 10:45:00,48881.24,48887.78,48816.85,48834.92,94.183705
661,2021-08-21 10:50:00,48834.93,48853.87,48810.0,48842.6,98.733667
662,2021-08-21 10:55:00,48842.6,48855.5,48777.26,48855.5,108.950786
663,2021-08-21 11:00:00,48855.51,48860.0,48777.59,48798.94,119.449028
664,2021-08-21 11:05:00,48798.95,48829.99,48755.0,48821.57,118.607184
665,2021-08-21 11:10:00,48821.56,48920.0,48810.5,48862.72,122.716564
666,2021-08-21 11:15:00,48862.71,48862.72,48793.14,48839.94,86.84535
667,2021-08-21 11:20:00,48839.93,48902.94,48804.85,48879.96,86.918933
668,2021-08-21 11:25:00,48879.95,48879.96,48815.42,48827.58,85.118082
669,2021-08-21 11:30:00,48827.58,48847.88,48777.77,48799.99,113.460597
670,2021-08-21 11:35:00,48799.99,48799.99,48754.12,48774.95,78.999808
671,2021-08-21 11:40:00,48774.94,48840.21,48774.94,48830.7,89.94354
672,2021-08-21 11:45:00,48830.7,48912.21,48825.65,48884.76,106.604967
673,2021-08-21 11:50:00,48884.77,48887.46,48800.6,48802.75,99.366693
674,2021-08-21 11:55:00,48802.76,48834.82,48762.08,48798.67,141.506035
675,2021-08-21 12:00:00,48798.66,48868.31,48760.26,48847.14,125.263357
676,2021-08-21 12:05:00,48847.13,48900.0,48819.28,48850.42,116.264144
677,2021-08-21 12:10:00,48850.42,48899.99,48810.18,48870.19,121.270779
678,2021-08-21 12:15:00,48870.19,48916.77,48846.81,48916.77,85.208128
679,2021-08-21 12:20:00,48916.77,48919.0,48872.59,48919.0,130.326562
680,2021-08-21 12:25:00,48919.0,48940.35,48858.81,48863.09,135.666576
681,2021-08-21 12:30:00,48863.09,48882.04,48827.94,48872.92,105.334358
682,2021-08-21 12:35:00,48872.91,48874.18,48844.29,48859.94,82.030911
683,2021-08-21 12:40:00,48859.94,48940.55,48842.14,48905.78,105.57962
684,2021-08-21 12:45:00,48905.78,49210.0,48905.78,49204.0,1487.417112
685,2021-08-21 12:50:00,49203.99,49218.65,49111.15,49218.65,596.525732
686,2021-08-21 12:55:00,49218.64,49349.57,49179.42,49300.01,629.580977
687,2021-08-21 13:00:00,49300.01,49400.0,48850.0,48850.0,764.021348
688,2021-08-21 13:05:00,48850.01,48876.58,48355.4,48487.51,1756.114543
689,2021-08-21 13:10:00,48487.52,48505.0,48222.0,48459.47,922.281584
690,2021-08-21 13:15:00,48459.47,48600.0,48381.98,48560.12,555.934542
691,2021-08-21 13:20:00,48560.13,48560.13,48300.0,48346.52,393.790896
692,2021-08-21 13:25:00,48346.52,48442.59,48309.19,48333.9,279.743456
693,2021-08-21 13:30:00,48333.89,48474.84,48333.87,48439.99,235.815035
694,2021-08-21 13:35:00,48440.0,48775.08,48408.27,48419.99,413.630651
695,2021-08-21 13:40:00,48419.98,48531.28,48413.51,48498.82,199.614756
696,2021-08-21 13:45:00,48498.82,48498.83,48401.0,48404.43,216.949135
697,2021-08-21 13:50:00,48404.42,48560.05,48404.42,48472.45,179.187101
698,2021-08-21 13:55:00,48472.45,48563.97,48462.98,48501.87,148.534539
699,2021-08-21 14:00:00,48501.88,48600.0,48434.07,48599.99,221.371851
700,2021-08-21 14:05:00,48600.0,48600.93,48550.0,48550.01,120.185865
701,2021-08-21 14:10:00,48550.01,48595.82,48514.71,48571.32,107.167629
702,2021-08-21 14:15:00,48571.33,48677.22,48567.37,48662.0,139.831474
703,2021-08-21 14:20:00,48661.99,48699.36,48615.07,48687.77,162.461737
704,2021-08-21 14:25:00,48687.78,48698.99,48627.01,48668.0,86.100913
705,2021-08-21 14:30:00,48668.01,48711.68,48562.8,48627.47,149.31159
706,2021-08-21 14:35:00,48627.47,48706.61,48600.2,48651.98,114.732177
707,2021-08-21 14:40:00,48655.1,48720.0,48599.65,48688.51,124.984455
708,2021-08-21 14:45:00,48688.52,48938.99,48688.51,48883.87,341.64839
709,2021-08-21 14:50:00,48883.88,49199.97,48883.77,49154.49,720.379178
710,2021-08-21 14:55:00,49154.5,49309.58,49122.01,49204.56,530.427789
711,2021-08-21 15:00:00,49204.56,49405.52,49204.56,49314.98,701.251899
712,2021-08-21 15:05:00,49314.99,49377.0,49218.34,49236.48,224.372358
713,2021-08-21 15:10:00,49236.45,49236.46,49012.3,49100.0,303.414196
714,2021-08-21 15:15:00,49100.0,49199.99,49032.0,49044.12,173.562567
715,2021-08-21 15:20:00,49044.13,49150.0,49041.78,49146.69,140.792762
716,2021-08-21 15:25:00,49146.68,49310.36,49146.68,49250.0,167.766738
717,2021-08-21 15:30:00,49250.0,49289.67,49178.94,49254.2,137.686018
718,2021-08-21 15:35:00,49254.21,49264.29,49170.86,49170.86,119.346406
719,2021-08-21 15:40:00,49170.86,49264.29,49168.51,49264.29,128.003297
720,2021-08-21 15:45:00,49264.29,49264.29,49100.0,49131.24,136.926193
721,2021-08-21 15:50:00,49131.24,49170.22,49091.83,49118.96,142.477493
722,2021-08-21 15:55:00,49118.95,49135.0,49052.24,49120.62,128.775409
723,2021-08-21 16:00:00,49120.61,49150.01,49017.0,49113.53,278.228382
724,2021-08-21 16:05:00,49113.52,49117.9,49030.89,49047.34,188.431023
725,2021-08-21 16:10:00,49047.34,49073.84,48974.51,49018.57,189.044804
726,2021-08-21 16:15:00,49016.97,49099.99,48926.92,48990.26,163.630379
727,2021-08-21 16:20:00,48990.26,49049.99,48990.25,49030.0,89.322769
728,2021-08-21 16:25:00,49030.0,49090.44,49004.38,49020.0,98.477707
729,2021-08-21 16:30:00,49020.0,49023.1,48948.57,49009.7,108.109621
730,2021-08-21 16:35:00,49009.71,49075.9,48981.46,49056.68,152.114934
731,2021-08-21 16:40:00,49056.67,49082.79,48936.23,48954.01,139.488536
732,2021-08-21 16:45:00,48954.02,49020.77,48929.08,49007.49,134.573575
733,2021-08-21 16:50:00,49007.5,49015.15,48936.8,48974.18,76.084766
734,2021-08-21 16:55:00,48974.18,49049.08,48961.39,48985.19,101.022038
735,2021-08-21 17:00:00,48985.18,49174.12,48946.75,49073.7,323.746223
736,2021-08-21 17:05:00,49073.71,49135.12,48996.02,49030.53,99.066415
737,2021-08-21 17:10:00,49030.53,49150.0,49008.96,49149.99,89.856382
738,2021-08-21 17:15:00,49149.99,49231.02,49136.61,49154.34,120.78076
739,2021-08-21 17:20:00,49154.33,49154.34,49059.93,49087.21,74.339999
740,2021-08-21 17:25:00,49087.21,49115.36,49046.34,49097.91,75.00733
741,2021-08-21 17:30:00,49097.91,49187.65,49095.99,49154.45,77.452399
742,2021-08-21 17:35:00,49154.46,49179.0,49100.01,49169.57,63.130263
743,2021-08-21 17:40:00,49169.58,49196.36,49160.01,49194.99,56.445858
744,2021-08-21 17:45:00,49194.99,49264.25,49177.95,49259.95,132.793344
745,2021-08-21 17:50:00,49259.96,49265.55,49166.36,49169.73,100.389964
746,2021-08-21 17:55:00,49169.73,49201.0,49169.01,49180.98,56.215283
747,2021-08-21 18:00:00,49180.98,49190.0,49064.01,49156.55,249.282633
748,2021-08-21 18:05:00,49156.55,49246.84,49132.29,49204.6,150.984114
749,2021-08-21 18:10:00,49204.6,49323.72,49169.33,49315.66,199.280401
750,2021-08-21 18:15:00,49315.66,49320.0,49206.35,49300.04,136.456023
751,2021-08-21 18:20:00,49300.04,49347.82,49250.0,49343.58,108.161491
752,2021-08-21 18:25:00,49343.58,49610.66,49332.3,49574.04,978.35923
753,2021-08-21 18:30:00,49574.03,49662.0,49495.6,49533.91,483.331015
754,2021-08-21 18:35:00,49533.92,49544.78,49420.03,49520.01,336.128968
755,2021-08-21 18:40:00,49520.01,49585.0,49426.16,49450.35,179.059587
756,2021-08-21 18:45:00,49450.35,49498.68,49394.32,49435.84,143.931286
757,2021-08-21 18:50:00,49435.83,49508.53,49418.66,49478.92,83.153544
758,2021-08-21 18:55:00,49478.92,49508.52,49437.52,49480.11,88.499533
759,2021-08-21 19:00:00,49480.12,49530.52,49412.01,49439.44,122.981899
760,2021-08-21 19:05:00,49439.44,49600.0,49375.78,49586.82,192.488555
761,2021-08-21 19:10:00,49586.83,49664.28,49565.97,49588.44,230.745665
762,2021-08-21 19:15:00,49588.45,49611.22,49515.65,49582.58,203.532879
763,2021-08-21 19:20:00,49582.59,49625.85,49458.18,49509.07,190.845869
764,2021-08-21 19:25:00,49509.07,49598.76,49493.12,49585.97,109.525317
765,2021-08-21 19:30:00,49585.96,49697.8,49536.75,49676.64,251.831509
766,2021-08-21 19:35:00,49676.63,49680.0,49498.92,49600.48,174.382466
767,2021-08-21 19:40:00,49600.48,49622.28,49564.52,49615.03,67.560305
768,2021-08-21 19:45:00,49615.03,49670.1,49586.64,49634.02,105.494479
769,2021-08-21 19:50:00,49634.01,49757.04,49445.14,49493.0,755.027757
770,2021-08-21 19:55:00,49489.95,49647.88,49485.65,49647.88,162.759227
771,2021-08-21 20:00:00,49647.88,49662.21,49501.03,49505.62,138.899451
772,2021-08-21 20:05:00,49505.62,49524.27,49309.16,49366.26,432.494369
773,2021-08-21 20:10:00,49366.26,49455.38,49359.92,49431.75,150.766836
774,2021-08-21 20:15:00,49431.75,49440.0,49365.87,49401.62,108.388253
775,2021-08-21 20:20:00,49401.62,49416.0,49335.62,49394.32,180.465827
776,2021-08-21 20:25:00,49394.31,49418.0,49353.92,49372.05,87.087282
777,2021-08-21 20:30:00,49372.05,49469.38,49271.42,49450.02,167.030893
778,2021-08-21 20:35:00,49450.02,49500.0,49400.04,49496.01,84.315615
779,2021-08-21 20:40:00,49499.95,49564.31,49454.29,49514.61,95.386138
780,2021-08-21 20:45:00,49511.09,49564.55,49508.03,49539.03,87.948806
781,2021-08-21 20:50:00,49539.03,49539.12,49455.95,49464.38,84.372256
782,2021-08-21 20:55:00,49464.38,49519.99,49455.01,49457.59,55.548925
783,2021-08-21 21:00:00,49457.59,49476.69,49355.01,49387.53,95.560292
784,2021-08-21 21:05:00,49387.54,49396.04,49306.02,49318.81,80.264004
785,2021-08-21 21:10:00,49318.8,49346.7,49141.92,49272.66,201.977519
786,2021-08-21 21:15:00,49272.67,49287.57,49073.75,49120.41,214.644879
787,2021-08-21 21:20:00,49120.42,49120.42,48765.0,48908.38,592.299679
788,2021-08-21 21:25:00,48908.39,49141.38,48883.02,49129.11,198.800324
789,2021-08-21 21:30:00,49129.12,49216.52,49060.61,49205.44,133.814089
790,2021-08-21 21:35:00,49205.43,49209.53,49107.63,49146.35,111.907778
791,2021-08-21 21:40:00,49146.35,49146.35,48936.67,48945.32,124.419873
792,2021-08-21 21:45:00,48945.31,49073.65,48945.31,48990.49,128.216298
793,2021-08-21 21:50:00,48990.5,49027.97,48866.83,48910.79,142.67984
794,2021-08-21 21:55:00,48910.79,48979.01,48847.01,48978.68,140.671556
795,2021-08-21 22:00:00,48978.68,49166.66,48946.96,49093.15,169.198672
796,2021-08-21 22:05:00,49093.15,49143.44,48930.43,48930.43,109.293585
797,2021-08-21 22:10:00,48930.43,48948.72,48827.01,48890.25,351.351752
798,2021-08-21 22:15:00,48890.25,49034.93,48890.24,48953.71,113.070757
799,2021-08-21 22:20:00,48953.71,49037.57,48885.85,48942.53,96.448218
800,2021-08-21 22:25:00,48942.54,48947.38,48861.79,48907.03,80.981754
801,2021-08-21 22:30:00,48907.03,49051.0,48900.0,49043.95,97.405397
802,2021-08-21 22:35:00,49043.94,49082.41,48971.06,49014.21,105.768957
803,2021-08-21 22:40:00,49014.2,49049.0,48952.21,49046.74,53.710906
804,2021-08-21 22:45:00,49046.73,49093.62,48983.76,48995.12,157.569333
805,2021-08-21 22:50:00,48995.11,49017.0,48902.59,48927.34,81.89409
806,2021-08-21 22:55:00,48927.34,48994.53,48910.0,48991.46,70.264176
807,2021-08-21 23:00:00,48991.45,49009.94,48900.0,48901.04,77.104196
808,2021-08-21 23:05:00,48901.03,48998.97,48901.03,48998.0,77.437566
809,2021-08-21 23:10:00,48998.01,49045.61,48979.54,49045.61,89.882549
810,2021-08-21 23:15:00,49045.6,49214.91,49045.6,49126.3,157.794374
811,2021-08-21 23:20:00,49126.3,49135.86,49062.49,49096.87,64.216566
812,2021-08-21 23:25:00,49096.86,49126.26,49039.22,49116.35,54.835072
813,2021-08-21 23:30:00,49116.35,49264.99,49116.34,49154.55,119.072239
814,2021-08-21 23:35:00,49154.55,49158.66,49100.0,49121.67,41.834653
815,2021-08-21 23:40:00,49118.58,49133.7,49058.6,49092.49,55.958384
816,2021-08-21 23:45:00,49092.49,49212.06,49092.48,49150.0,57.017199
817,2021-08-21 23:50:00,49150.0,49216.06,49143.92,49166.12,72.680804
818,2021-08-21 23:55:00,49168.49,49224.48,49133.51,49140.66,59.022494
819,2021-08-22 00:00:00,49140.66,49250.1,49133.53,49201.78,62.063967
820,2021-08-22 00:05:00,49201.79,49249.22,49157.76,49211.5,77.312253
821,2021-08-22 00:10:00,49211.5,49322.58,49172.0,49255.03,113.002015
822,2021-08-22 00:15:00,49255.02,49350.0,49255.02,49315.86,109.164855
823,2021-08-22 00:20:00,49315.86,49329.0,49244.97,49260.19,67.619561
824,2021-08-22 00:25:00,49260.19,49348.98,49255.72,49295.64,69.910142
825,2021-08-22 00:30:00,49295.63,49370.96,49289.46,49303.68,73.276498
826,2021-08-22 00:35:00,49303.69,49349.48,49253.32,49300.96,83.782905
827,2021-08-22 00:40:00,49300.96,49348.26,49156.0,49229.0,140.257407
828,2021-08-22 00:45:00,49228.99,49348.68,49220.12,49348.67,87.251138
829,2021-08-22 00:50:00,49348.67,49357.65,49271.37,49271.37,51.454608
830,2021-08-22 00:55:00,49271.37,49364.22,49271.37,49336.35,48.073599
831,2021-08-22 01:00:00,49336.35,49390.0,49296.73,49300.02,82.920893
832,2021-08-22 01:05:00,49300.01,49384.15,49300.01,49357.28,68.592606
833,2021-08-22 01:10:00,49360.27,49388.04,49290.0,49290.0,62.758598
834,2021-08-22 01:15:00,49290.01,49319.05,49191.86,49245.28,104.246632
835,2021-08-22 01:20:00,49245.27,49320.71,49187.38,49187.38,150.061994
836,2021-08-22 01:25:00,49187.39,49221.61,49108.03,49138.21,116.55769
837,2021-08-22 01:30:00,49138.2,49185.84,48936.26,48982.36,155.690548
838,2021-08-22 01:35:00,48982.37,49045.75,48901.0,48913.63,136.73431
839,2021-08-22 01:40:00,48913.63,49013.24,48913.62,48981.79,65.120883
840,2021-08-22 01:45:00,48981.8,49036.69,48917.84,48940.06,70.365066
841,2021-08-22 01:50:00,48940.06,49015.06,48933.19,48939.98,70.875108
842,2021-08-22 01:55:00,48939.98,48982.34,48806.58,48821.87,139.430099
843,2021-08-22 02:00:00,48821.88,48871.59,48679.73,48818.88,398.26903
844,2021-08-22 02:05:00,48818.88,49000.0,48797.61,48973.68,174.397594
845,2021-08-22 02:10:00,48973.69,48977.09,48853.37,48866.13,86.741757
846,2021-08-22 02:15:00,48866.13,48866.13,48731.0,48731.01,84.063043
847,2021-08-22 02:20:00,48731.01,48860.17,48729.09,48834.78,97.55733
848,2021-08-22 02:25:00,48834.78,48942.08,48820.01,48900.0,138.267882
849,2021-08-22 02:30:00,48899.99,48998.95,48899.99,48980.8,99.056812
850,2021-08-22 02:35:00,48980.8,49031.87,48886.68,48900.0,94.623449
851,2021-08-22 02:40:00,48899.99,48965.66,48889.72,48957.31,43.760052
852,2021-08-22 02:45:00,48957.3,49000.0,48829.58,48829.58,64.446602
853,2021-08-22 02:50:00,48829.59,48921.49,48817.17,48901.0,49.732867
854,2021-08-22 02:55:00,48901.0,49021.55,48892.7,48963.69,48.293708
855,2021-08-22 03:00:00,48963.69,48980.77,48876.68,48876.68,54.971871
856,2021-08-22 03:05:00,48876.68,48997.14,48854.29,48900.22,78.551058
857,2021-08-22 03:10:00,48900.22,48945.17,48869.69,48887.65,69.826621
858,2021-08-22 03:15:00,48887.66,48984.54,48875.0,48983.92,55.35827
859,2021-08-22 03:20:00,48983.91,48995.0,48899.98,48951.83,56.236163
860,2021-08-22 03:25:00,48951.83,49028.46,48942.98,49021.24,75.300964
861,2021-08-22 03:30:00,49021.25,49122.83,49021.24,49106.3,76.521023
862,2021-08-22 03:35:00,49106.3,49141.28,49055.46,49121.56,94.668248
863,2021-08-22 03:40:00,49121.56,49162.51,49111.0,49113.7,62.006845
864,2021-08-22 03:45:00,49113.7,49157.97,49012.77,49064.62,98.880468
865,2021-08-22 03:50:00,49064.62,49109.94,49047.88,49050.0,87.586621
866,2021-08-22 03:55:00,49049.99,49132.39,48929.03,49025.93,274.177135
867,2021-08-22 04:00:00,49025.93,49042.17,48973.64,48998.42,66.088525
868,2021-08-22 04:05:00,48998.42,49034.33,48989.06,49026.13,53.422982
869,2021-08-22 04:10:00,49026.14,49030.72,48927.94,48964.11,48.858659
870,2021-08-22 04:15:00,48964.11,48997.96,48905.01,48946.43,39.365715
871,2021-08-22 04:20:00,48946.43,48949.23,48858.91,48915.44,56.686113
872,2021-08-22 04:25:00,48915.43,48926.91,48852.01,48875.26,59.855786
873,2021-08-22 04:30:00,48875.26,48875.27,48801.0,48820.36,77.690598
874,2021-08-22 04:35:00,48820.36,48823.07,48763.09,48770.23,95.216464
875,2021-08-22 04:40:00,48770.24,48831.59,48741.73,48747.87,93.764164
876,2021-08-22 04:45:00,48747.87,48807.54,48732.75,48806.72,91.023639
877,2021-08-22 04:50:00,48806.71,48877.91,48801.18,48876.93,125.330874
878,2021-08-22 04:55:00,48876.94,48897.61,48829.99,48836.96,84.947529
879,2021-08-22 05:00:00,48836.96,48850.0,48774.31,48821.07,132.274808
880,2021-08-22 05:05:00,48821.07,48908.91,48821.06,48872.31,77.30483
881,2021-08-22 05:10:00,48872.3,48872.31,48797.98,48811.97,51.783156
882,2021-08-22 05:15:00,48811.96,48872.23,48810.85,48824.61,78.723153
883,2021-08-22 05:20:00,48824.6,48833.53,48743.73,48796.24,64.828269
884,2021-08-22 05:25:00,48796.23,48800.01,48650.0,48680.55,145.193351
885,2021-08-22 05:30:00,48680.55,48742.85,48601.0,48736.54,161.988474
886,2021-08-22 05:35:00,48736.53,48779.58,48711.81,48714.48,67.491569
887,2021-08-22 05:40:00,48712.32,48768.87,48660.0,48766.82,76.702985
888,2021-08-22 05:45:00,48766.82,48839.01,48714.28,48798.76,74.68759
889,2021-08-22 05:50:00,48796.01,48796.01,48710.53,48740.81,44.068901
890,2021-08-22 05:55:00,48740.8,48862.49,48735.52,48790.0,86.557787
891,2021-08-22 06:00:00,48790.0,48878.43,48781.1,48860.58,69.316935
892,2021-08-22 06:05:00,48860.58,48925.01,48830.88,48911.43,67.155587
893,2021-08-22 06:10:00,48911.43,48929.56,48859.23,48879.98,80.542046
894,2021-08-22 06:15:00,48879.98,48918.31,48850.5,48910.54,53.084704
895,2021-08-22 06:20:00,48910.54,48965.0,48885.07,48917.59,79.963567
896,2021-08-22 06:25:00,48917.6,48937.63,48883.77,48896.11,101.902487
897,2021-08-22 06:30:00,48896.11,48927.65,48826.54,48875.48,77.266476
898,2021-08-22 06:35:00,48875.48,48908.11,48839.88,48854.54,72.677998
899,2021-08-22 06:40:00,48854.54,48889.44,48827.38,48834.18,68.39473
900,2021-08-22 06:45:00,48834.18,48911.97,48812.28,48903.01,37.777361
901,2021-08-22 06:50:00,48903.02,48960.0,48875.51,48947.69,89.229542
902,2021-08-22 06:55:00,48947.7,49129.76,48947.69,49110.6,179.265491
903,2021-08-22 07:00:00,49110.61,49249.28,49110.6,49175.85,250.501114
904,2021-08-22 07:05:00,49175.85,49175.86,49065.0,49083.54,134.36376
905,2021-08-22 07:10:00,49083.54,49099.26,49055.0,49091.87,38.030353
906,2021-08-22 07:15:00,49091.87,49109.93,49011.06,49029.37,79.046604
907,2021-08-22 07:20:00,49029.36,49054.0,48956.34,48966.74,98.902216
908,2021-08-22 07:25:00,48966.74,49030.82,48966.74,49002.39,54.666352
909,2021-08-22 07:30:00,49002.38,49111.11,48971.0,49050.02,96.55621
910,2021-08-22 07:35:00,49050.01,49077.82,49011.26,49042.42,58.038268
911,2021-08-22 07:40:00,49042.41,49091.56,49019.66,49090.36,59.696836
912,2021-08-22 07:45:00,49090.37,49120.0,49044.16,49097.51,87.803733
913,2021-08-22 07:50:00,49097.52,49149.28,49063.02,49116.99,82.754231
914,2021-08-22 07:55:00,49116.98,49161.21,49082.6,49129.76,75.678386
915,2021-08-22 08:00:00,49129.75,49218.84,49129.75,49176.48,125.864694
916,2021-08-22 08:05:00,49170.94,49176.47,49085.23,49090.17,85.482971
917,2021-08-22 08:10:00,49090.16,49150.0,49052.46,49124.0,84.578138
918,2021-08-22 08:15:00,49124.0,49250.0,49124.0,49226.0,88.746819
919,2021-08-22 08:20:00,49226.01,49272.46,49173.0,49190.63,255.87364
920,2021-08-22 08:25:00,49190.63,49199.93,49144.25,49149.98,88.725651
921,2021-08-22 08:30:00,49149.98,49223.8,49140.16,49201.25,142.220173
922,2021-08-22 08:35:00,49201.25,49253.59,49170.55,49220.96,106.898015
923,2021-08-22 08:40:00,49220.96,49272.7,49200.0,49257.23,122.717883
924,2021-08-22 08:45:00,49257.24,49266.49,49178.36,49220.01,77.494802
925,2021-08-22 08:50:00,49220.01,49238.14,49191.01,49196.58,56.948419
926,2021-08-22 08:55:00,49196.57,49215.37,49156.58,49164.45,54.953794
927,2021-08-22 09:00:00,49164.45,49233.55,49158.36,49175.0,72.77873
928,2021-08-22 09:05:00,49175.01,49248.0,49163.46,49195.8,85.191885
929,2021-08-22 09:10:00,49195.79,49209.76,49131.41,49131.42,46.067054
930,2021-08-22 09:15:00,49131.41,49162.7,49096.97,49150.7,154.438398
931,2021-08-22 09:20:00,49150.71,49222.0,49150.7,49212.37,87.773456
932,2021-08-22 09:25:00,49212.37,49239.89,49198.25,49223.12,88.151351
933,2021-08-22 09:30:00,49223.12,49225.68,49131.89,49149.78,95.201264
934,2021-08-22 09:35:00,49149.78,49200.0,49146.77,49157.08,71.560138
935,2021-08-22 09:40:00,49157.08,49208.86,49156.44,49161.51,41.037863
936,2021-08-22 09:45:00,49161.5,49176.77,49130.36,49157.17,61.192887
937,2021-08-22 09:50:00,49157.17,49250.0,49152.31,49240.52,81.972167
938,2021-08-22 09:55:00,49237.21,49250.0,49192.19,49195.01,74.104375
939,2021-08-22 10:00:00,49195.01,49269.85,49169.11,49267.86,135.156287
940,2021-08-22 10:05:00,49267.85,49272.0,49234.4,49252.78,63.393453
941,2021-08-22 10:10:00,49252.77,49252.78,49166.21,49176.87,83.475077
942,2021-08-22 10:15:00,49176.87,49193.98,48900.0,48938.0,214.755516
943,2021-08-22 10:20:00,48938.0,49065.49,48937.99,49037.12,160.588765
944,2021-08-22 10:25:00,49037.13,49066.64,48953.84,48988.8,71.71306
945,2021-08-22 10:30:00,48988.8,49035.65,48944.45,49028.4,70.978044
946,2021-08-22 10:35:00,49028.39,49085.71,49028.36,49085.7,92.640773
947,2021-08-22 10:40:00,49085.71,49111.16,49053.5,49080.0,69.811616
948,2021-08-22 10:45:00,49080.0,49123.33,49079.99,49100.01,80.634091
949,2021-08-22 10:50:00,49100.01,49130.28,49018.84,49076.82,99.661405
950,2021-08-22 10:55:00,49076.83,49076.83,48979.78,49005.66,94.823103
951,2021-08-22 11:00:00,49005.66,49102.49,49001.42,49094.67,90.104333
952,2021-08-22 11:05:00,49094.68,49108.41,49045.77,49064.77,69.505542
953,2021-08-22 11:10:00,49064.77,49075.6,49014.34,49022.53,77.912989
954,2021-08-22 11:15:00,49022.52,49110.3,49014.39,49101.28,51.879027
955,2021-08-22 11:20:00,49101.27,49150.0,49086.27,49147.0,85.289355
956,2021-08-22 11:25:00,49147.0,49149.99,49095.42,49137.88,67.558726
957,2021-08-22 11:30:00,49137.87,49153.88,49108.09,49111.36,46.301838
958,2021-08-22 11:35:00,49111.37,49144.35,49073.65,49135.64,66.185989
959,2021-08-22 11:40:00,49135.64,49199.98,49112.11,49191.84,73.863934
960,2021-08-22 11:45:00,49191.84,49224.9,49171.0,49224.89,70.573912
961,2021-08-22 11:50:00,49224.9,49269.99,49213.41,49243.72,97.483252
962,2021-08-22 11:55:00,49243.72,49243.72,49195.22,49218.41,52.671254
963,2021-08-22 12:00:00,49218.41,49241.85,49166.01,49176.77,86.069863
964,2021-08-22 12:05:00,49176.76,49176.77,49134.79,49169.36,60.248296
965,2021-08-22 12:10:00,49169.36,49360.1,49154.67,49287.85,347.414683
966,2021-08-22 12:15:00,49284.69,49368.33,49266.88,49350.0,140.603292
967,2021-08-22 12:20:00,49349.99,49455.44,49326.4,49396.34,443.295094
968,2021-08-22 12:25:00,49396.33,49407.14,49335.23,49342.2,176.138499
969,2021-08-22 12:30:00,49342.2,49500.0,49342.2,49399.29,170.796614
970,2021-08-22 12:35:00,49399.29,49414.99,49255.89,49285.0,124.497448
971,2021-08-22 12:40:00,49285.01,49299.98,49270.58,49287.61,48.707295
972,2021-08-22 12:45:00,49287.62,49347.63,49245.0,49246.99,123.10272
973,2021-08-22 12:50:00,49246.99,49254.22,49100.87,49121.65,233.981501
974,2021-08-22 12:55:00,49121.64,49177.01,49088.96,49115.05,136.673999
975,2021-08-22 13:00:00,49115.05,49164.56,49050.0,49121.37,103.429601
976,2021-08-22 13:05:00,49121.37,49136.73,49100.0,49120.0,80.324497
977,2021-08-22 13:10:00,49119.99,49178.94,49104.44,49178.93,74.731536
978,2021-08-22 13:15:00,49178.93,49200.0,49117.0,49199.67,102.026382
979,2021-08-22 13:20:00,49199.67,49199.67,49163.53,49188.62,65.31362
980,2021-08-22 13:25:00,49188.61,49210.99,49100.71,49159.53,81.071165
981,2021-08-22 13:30:00,49159.53,49176.02,49059.13,49068.06,85.704427
982,2021-08-22 13:35:00,49068.06,49131.11,49020.22,49110.79,73.549033
983,2021-08-22 13:40:00,49110.79,49130.05,49077.01,49128.31,54.660462
984,2021-08-22 13:45:00,49128.31,49128.32,49081.55,49111.25,51.14812
985,2021-08-22 13:50:00,49111.25,49120.0,49050.0,49079.97,223.745712
986,2021-08-22 13:55:00,49079.97,49134.28,49030.07,49132.04,151.95283
987,2021-08-22 14:00:00,49132.04,49210.93,49025.27,49025.28,189.059952
988,2021-08-22 14:05:00,49025.29,49071.4,48940.31,48964.07,191.026752
989,2021-08-22 14:10:00,48960.31,48996.57,48911.01,48990.78,152.585388
990,2021-08-22 14:15:00,48990.79,49044.17,48963.87,49034.68,80.656253
991,2021-08-22 14:20:00,49034.68,49034.69,48990.9,49018.2,69.513018
992,2021-08-22 14:25:00,49018.21,49019.89,48945.01,48961.71,95.517426
993,2021-08-22 14:30:00,48961.7,48999.99,48887.0,48999.99,164.350039
994,2021-08-22 14:35:00,48999.99,49030.43,48946.06,48971.8,136.630345
995,2021-08-22 14:40:00,48971.8,48977.95,48845.22,48898.4,154.362008
996,2021-08-22 14:45:00,48898.41,48999.13,48881.25,48930.18,122.207371
997,2021-08-22 14:50:00,48930.19,48930.19,48850.0,48904.33,132.932028
998,2021-08-22 14:55:00,48904.34,48950.0,48850.01,48861.55,118.610506
999,2021-08-22 15:00:00,48861.56,48902.0,48800.0,48810.2,110.344473
